{"stats":{"minecraft:dropped":{"alexsmobs:capsid":1,"create:analog_lever":1,"futurepack:advanced_board_computer_white":3,"minecraft:piston":1,"nuclearscience:siren":1,"minecraft:lever":1,"shrink:mob_bottle":3,"futurepack:bedrock_rift":2,"immersive_paintings:painting":2,"cyclic:battery":1,"minecraft:glass_bottle":1,"futurepack:monorail":1,"minecraft:wheat":7,"nuclearscience:radioactivesoil":1,"futurepack:monorail_station":1,"futurepack:drone_station":1,"electrodynamics:batterybox":1,"shrink:shrink_ray":1,"futurepack:dungeon_tablet":1,"minecraft:honeycomb":64,"futurepack:battery_box_white":5,"futurepack:advanced_board_computer_gray":1,"futurepack:spawn_note":1,"futurepack:scrench":2,"minecraft:tropical_fish":65,"nuclearscience:cellantimatterverylarge":1,"futurepack:advanced_board_computer_black":2,"minecraft:salmon":68,"nuclearscience:reactorcore":1,"silentgear:blueprint_package":1,"industrialforegoing:infinity_charger":1,"electrodynamics:lithiumbatterybox":1,"yuushya:oak_tree":2,"futurepack:airlock_door":2,"minecraft:snow":1,"minecraft:redstone_lamp":1,"alexsmobs:spawn_egg_cachalot_whale":1,"minecraft:hay_block":5,"alexsmobs:enderiophage_rocket":1,"futurepack:deepcore_miner":2,"alltheores:platinum_block":4,"minecraft:dispenser":1,"gravestone:obituary":1,"futurepack:display":2,"futurepack:solar_panel_white":2,"minecraft:redstone_torch":2,"electrodynamics:creativepowersource":1,"appliedenergistics2:energy_cell":1,"minecraft:cow_spawn_egg":1,"futurepack:modul_paraglider":1,"appliedenergistics2:creative_energy_cell":1,"minecraft:sand":2,"tac:deagle_357":2,"alexsmobs:spawn_egg_mungus":2,"nuclearscience:geigercounter":1,"futurepack:drone_engine":1,"bhc:red_heart":1,"futurepack:escanner":2,"draconicevolution:creative_op_capacitor":1,"ends_delight:non_hatchable_dragon_egg":1,"shrink:shrinking_device":1},"minecraft:killed":{"alexsmobs:enderiophage":1,"tconstruct:sky_slime":1,"alexsmobs:cachalot_whale":1,"golems:golem_straw":1,"alexsmobs:mungus":1},"minecraft:custom":{"lootr:looted_stat":1,"minecraft:interact_with_furnace":12,"minecraft:mob_kills":5,"minecraft:play_one_minute":67797,"minecraft:time_since_death":5623,"minecraft:climb_one_cm":5013,"minecraft:time_since_rest":5672,"minecraft:sprint_one_cm":20000,"minecraft:damage_taken":210,"minecraft:walk_one_cm":78255,"minecraft:drop":97,"minecraft:damage_dealt":560,"minecraft:swim_one_cm":992,"minecraft:deaths":1,"minecraft:fly_one_cm":424381,"minecraft:crouch_one_cm":419,"minecraft:sneak_time":1107,"minecraft:walk_under_water_one_cm":43587,"minecraft:jump":162,"minecraft:interact_with_brewingstand":1,"minecraft:walk_on_water_one_cm":7385},"minecraft:picked_up":{"futurepack:airlock_door":2,"futurepack:deepcore_miner":1,"minecraft:wheat":7,"minecraft:salmon":4,"futurepack:advanced_board_computer_gray":1,"futurepack:advanced_board_computer_white":1,"bhc:red_heart":1,"futurepack:solar_panel_white":1,"yuushya:oak_tree":1,"tac:deagle_357":1,"futurepack:display":1,"minecraft:redstone_torch":1,"shrink:mob_bottle":1,"immersive_paintings:painting":1,"futurepack:bedrock_rift":1,"futurepack:advanced_board_computer_black":1,"alexsmobs:spawn_egg_mungus":1,"minecraft:tropical_fish":1,"futurepack:escanner":2,"futurepack:battery_box_white":4,"ars_nouveau:worn_notebook":1,"alexsmobs:capsid":1},"minecraft:used":{"futurepack:drone_station":1,"cyclic:battery":1,"electrodynamics:batterybox":7,"yuushya:oak_tree":3,"minecraft:cow_spawn_egg":1,"futurepack:display":26,"minecraft:dispenser":1,"minecraft:redstone":1,"electrodynamics:creativepowersource":1,"nuclearscience:siren":1,"futurepack:battery_box_white":2,"minecraft:redstone_block":1,"nuclearscience:radioactivesoil":2,"alexsmobs:spawn_egg_enderiophage":1,"nuclearscience:reactorcore":1,"create:analog_lever":1,"futurepack:color_iron_light_gray":51,"futurepack:advanced_board_computer_black":1,"minecraft:brewing_stand":1,"futurepack:advanced_board_computer_white":2,"alexsmobs:capsid":1,"futurepack:monorail_station":1,"minecraft:end_stone":1,"futurepack:thruster_light_gray_purple":4,"minecraft:redstone_torch":9,"alexsmobs:spawn_egg_mungus":1,"appliedenergistics2:creative_energy_cell":1,"minecraft:piston":1,"minecraft:lever":1,"appliedenergistics2:energy_cell":1,"alltheores:platinum_block":4,"immersive_paintings:painting":9,"futurepack:advanced_board_computer_gray":2,"futurepack:solar_panel_white":1,"alexsmobs:spawn_egg_cachalot_whale":1,"futurepack:airlock_door":4,"electrodynamics:lithiumbatterybox":1,"draconicevolution:creative_op_capacitor":1,"carryon:tile_item":1,"futurepack:monorail":1,"futurepack:deepcore_miner":1,"minecraft:redstone_lamp":1,"minecraft:snow":11,"futurepack:bedrock_rift":1,"minecraft:hay_block":5,"alexsmobs:enderiophage_rocket":7,"industrialforegoing:infinity_charger":1,"minecraft:gold_block":1,"shrink:mob_bottle":4,"golems:golem_head":4}},"DataVersion":2586}