{"stats":{"minecraft:custom":{"lootr:looted_stat":1,"minecraft:mob_kills":3,"minecraft:play_one_minute":153270,"minecraft:leave_game":2,"minecraft:time_since_death":153270,"minecraft:time_since_rest":153270,"minecraft:sprint_one_cm":30870,"minecraft:walk_one_cm":163660,"minecraft:drop":29,"minecraft:fly_one_cm":861108,"minecraft:crouch_one_cm":1522,"minecraft:sneak_time":4744,"minecraft:jump":299,"minecraft:walk_on_water_one_cm":1074},"minecraft:picked_up":{"alexsmobs:frilled_shark_bucket":1,"minecraft:redstone_block":1,"chiselsandbits:pattern_multi_use":1,"minecraft:gunpowder":2,"futurepack:laser_transmitter":3,"chiselsandbits:chiseledgrass":7,"alexsmobs:cockroach_wing_fragment":2,"futurepack:t0_generator":1,"minecraft:torch":4,"create:large_cogwheel":12,"futurepack:gravity_pulser":1,"ars_nouveau:worn_notebook":1,"minecraft:lever":3,"create:encased_fan":1,"minecraft:white_concrete":1,"cyclic:laser":1},"minecraft:dropped":{"minecraft:gravel":1,"alexsmobs:spawn_egg_void_worm":1,"minecraft:zombie_spawn_egg":1,"alexsmobs:void_worm_eye":1,"cyclic:trash":1,"electrodynamics:guidebook":1,"alexsmobs:animal_dictionary":1,"cyclic:laser":1,"botania:animated_torch":1,"create:cogwheel":1,"futurepack:spawn_note":1,"create:creative_crate":1,"minecraft:bedrock":1,"mekanismadditions:black_slick_plastic":1,"patchouli:guide_book":2,"silentgear:blueprint_package":1,"ars_nouveau:worn_notebook":1,"create:encased_fan":1,"minecraft:gunpowder":2,"tconstruct:materials_and_you":1,"alexsmobs:cockroach_wing_fragment":2,"minecraft:white_concrete":2,"alexsmobs:frilled_shark_bucket":2,"create:large_cogwheel":13,"draconicevolution:creative_op_capacitor":1,"thermal:slime_tnt":1,"chiselsandbits:block_bit":1},"minecraft:used":{"create:wand_of_symmetry":7,"mekanismadditions:black_slick_plastic":3,"thermal:slime_tnt":1,"chiselsandbits:chiseled_printer":1,"immersiveengineering:conveyor_vertical":4,"futurepack:laser_transmitter":3,"mekanism:ultimate_universal_cable":123,"cyclic:trash":1,"futurepack:fp_lever":2,"chiselsandbits:chiseledgrass":2,"minecraft:zombie_spawn_egg":1,"minecraft:redstone_block":2,"mekanismadditions:black_plastic_transparent":80,"chiselsandbits:bit_storage":1,"create:encased_fan":6,"rftoolsbuilder:builder":2,"create:cogwheel":6,"botania:animated_torch":2,"mekanism:laser_amplifier":33,"create:creative_crate":1,"cyclic:laser":1,"quark:gravisand":3,"futurepack:gravity_pulser":1,"mekanism:laser":100,"minecraft:shroomlight":7,"minecraft:redstone_torch":1,"alexsmobs:frilled_shark_bucket":1,"minecraft:lever":5,"alexsmobs:straddleboard":2,"rftoolsbuilder:shape_card_def":2,"minecraft:gravel":1,"create:creative_motor":3,"minecraft:bedrock":1,"draconicevolution:creative_op_capacitor":2,"carryon:tile_item":1,"minecraft:glowstone":9,"futurepack:t0_generator":1,"mekanismadditions:white_plastic_glow":4,"create:shaft":45,"alexsmobs:spawn_egg_void_worm":1,"chiselsandbits:pattern_single_use":1,"minecraft:white_concrete":187,"create:large_cogwheel":35},"minecraft:killed":{"alexsmobs:cockroach":3}},"DataVersion":2586}