{"stats":{"minecraft:killed":{"alexsmobs:enderiophage":1,"tconstruct:sky_slime":1,"alexsmobs:cachalot_whale":1,"golems:golem_straw":1},"minecraft:custom":{"minecraft:interact_with_furnace":12,"minecraft:mob_kills":4,"minecraft:play_one_minute":31022,"minecraft:time_since_death":31022,"minecraft:time_since_rest":31022,"minecraft:sprint_one_cm":7507,"minecraft:walk_one_cm":31477,"minecraft:drop":48,"minecraft:damage_dealt":350,"minecraft:swim_one_cm":992,"minecraft:fly_one_cm":151471,"minecraft:crouch_one_cm":229,"minecraft:sneak_time":537,"minecraft:walk_under_water_one_cm":43587,"minecraft:jump":78,"minecraft:interact_with_brewingstand":1,"minecraft:walk_on_water_one_cm":5802},"minecraft:picked_up":{"minecraft:wheat":7,"bhc:red_heart":1,"yuushya:oak_tree":1,"tac:deagle_357":1,"shrink:mob_bottle":1,"immersive_paintings:painting":1,"futurepack:escanner":1,"futurepack:battery_box_white":1,"ars_nouveau:worn_notebook":1,"alexsmobs:capsid":1},"minecraft:dropped":{"alexsmobs:capsid":1,"create:analog_lever":1,"minecraft:piston":1,"nuclearscience:siren":1,"minecraft:lever":1,"shrink:mob_bottle":3,"immersive_paintings:painting":2,"cyclic:battery":1,"minecraft:glass_bottle":1,"minecraft:wheat":7,"nuclearscience:radioactivesoil":1,"electrodynamics:batterybox":1,"shrink:shrink_ray":1,"futurepack:battery_box_white":2,"futurepack:spawn_note":1,"nuclearscience:cellantimatterverylarge":1,"nuclearscience:reactorcore":1,"silentgear:blueprint_package":1,"industrialforegoing:infinity_charger":1,"electrodynamics:lithiumbatterybox":1,"yuushya:oak_tree":2,"minecraft:snow":1,"minecraft:redstone_lamp":1,"alexsmobs:spawn_egg_cachalot_whale":1,"minecraft:hay_block":5,"alexsmobs:enderiophage_rocket":1,"alltheores:platinum_block":4,"minecraft:dispenser":1,"minecraft:redstone_torch":1,"electrodynamics:creativepowersource":1,"appliedenergistics2:energy_cell":1,"minecraft:cow_spawn_egg":1,"futurepack:modul_paraglider":1,"appliedenergistics2:creative_energy_cell":1,"minecraft:sand":2,"tac:deagle_357":2,"nuclearscience:geigercounter":1,"bhc:red_heart":1,"futurepack:escanner":1,"draconicevolution:creative_op_capacitor":1,"ends_delight:non_hatchable_dragon_egg":1,"shrink:shrinking_device":1},"minecraft:used":{"cyclic:battery":1,"electrodynamics:batterybox":7,"yuushya:oak_tree":3,"minecraft:cow_spawn_egg":1,"minecraft:dispenser":1,"minecraft:redstone":1,"electrodynamics:creativepowersource":1,"nuclearscience:siren":1,"futurepack:battery_box_white":2,"minecraft:redstone_block":1,"nuclearscience:radioactivesoil":2,"alexsmobs:spawn_egg_enderiophage":1,"nuclearscience:reactorcore":1,"create:analog_lever":1,"minecraft:brewing_stand":1,"alexsmobs:capsid":1,"minecraft:end_stone":1,"minecraft:redstone_torch":3,"appliedenergistics2:creative_energy_cell":1,"minecraft:piston":1,"minecraft:lever":1,"appliedenergistics2:energy_cell":1,"alltheores:platinum_block":4,"immersive_paintings:painting":9,"alexsmobs:spawn_egg_cachalot_whale":1,"electrodynamics:lithiumbatterybox":1,"draconicevolution:creative_op_capacitor":1,"minecraft:redstone_lamp":1,"minecraft:snow":11,"minecraft:hay_block":5,"alexsmobs:enderiophage_rocket":7,"industrialforegoing:infinity_charger":1,"minecraft:gold_block":1,"shrink:mob_bottle":4,"golems:golem_head":4}},"DataVersion":2586}